ASSEMBLY_ID,COMPONENT_ALIB_ID,COMPONENT_LIB_ID,CLONE_SET_ID,COMPONENT_NAME,BLANK
"CSA-0001","1BDE","1BDE",0.000000000000000000000000000000,"1BDE",
"CSA-0001","3-69-ARBN","3-69-ARBN",0.000000000000000000000000000000,"3-69-ARBN",
"CSA-0001","3ID","3ID",0.000000000000000000000000000000,"3ID",
"CSA-0001","MCCGlobalMode","MCCGlobalMode",0.000000000000000000000000000000,"MCCGlobalMode",
